0,unknown,未知协议,0
1,ftp_control,FTP Control,3
2,mail_pop,POP3,10
3,mail_smtp,SMTP,10
4,mail_imap,IMAP,10
5,dns,DNS,1
6,ipp,IPP,1
7,http_other,其他HTTP应用,19
8,mdns,mDNS,1
9,ntp,NTP,1
10,netbios,NetBIOS,1
11,nfs,NFS,1
12,ssdp,SSDP,1
13,bgp,BGP,1
14,snmp,SNMP,18
15,xdmcp,XDMCP,17
16,smb,SMB,1
17,syslog,syslog,18
18,dhcp,DHCP,1
19,postgres,PostgreSQL,16
20,mysql,MySQL,16
21,tds,TDS,16
22,direct_download_link,Direct download link,3
23,mail_pops,POPS,10
24,applejuice,Applejuic,11
25,directconnect,DirectConnet,11
26,socrates,SOCRATES,1
27,winmx,WinMX,11
28,vmware,VMware,17
29,mail_smtps,SMTPS,10
30,filetopia,Filetopia,3
31,imesh,iMesh,3
32,kontiki,Kontiki,3
33,openft,OpenFT,3
34,fasttrack,FastTrack,3
35,gnutella,Gnutella,3
36,edonkey,eDonkey,11
37,bittorrent,BitTorrent,11
38,epp,EPP,1
39,content_avi,ContentAVI,8
40,content_flash,ContentFlash,8
41,content_ogg,ContentOGG,8
42,content_mpeg,ContentMPEG,8
43,content_quicktime,ContentQuicktime,8
44,content_realmedia,ContentRealmedia,8
45,content_windowsmedia,ContentWindowsmedia,8
46,content_mms,ContentMMS,8
47,xbox,XBOX,14
48,qq,QQ,2
49,move,MOVE,1
50,rtsp,RTSP,1
51,mail_imaps,IMAPS,10
52,icecast,ICECAST,8
53,pplive,PPLive,8
54,ppstream,PPStream,8
55,zattoo,Zattoo,8
56,shoutcast,SHOUTcast,8
57,sopcast,SopCast,8
58,tvants,TvAnts,8
59,tvuplayer,TVUPlayer,8
60,http_application_veohtv,VeohTV,8
61,qqlive,QQLive,8
62,thunder,迅雷,11
63,soulseek,SoulSeek,3
64,ssl_no_cert,SSL_NO_CERT,15
65,irc,IRC,2
66,ayiya,AYIYA,18
67,unencryped_jabber,未加密Jabber,2
68,msn,MSN,2
69,oscar,OSCAR,1
70,webyahoo,雅虎,4
71,battlefield,Battlefield,14
72,quake,雷神之锤,14
73,ip_vrrp,VRRP,1
74,steam,STEAM,1
75,halflife2,HalfLife2,14
76,worldofwarcraft,WorldofWarcraft,14
77,telnet,Telnet,17
78,stun,STUN,1
79,ip_ipsec,IPSec,15
80,ip_gre,GRE,1
81,ip_icmp,ICMP,18
82,ip_igmp,IGMP,18
83,ip_egp,EGP,1
84,ip_sctp,SCTP,21
85,ip_ospf,OSPF,1
86,ip_ip_in_ip,IP-in-IP,21
87,rtp,RTP,1
88,rdp,RDP,17
89,vnc,VNC,17
90,pcanywhere,pcAnywhere,1
91,ssl,SSL,15
92,ssh,SSH,17
93,usenet,Usenet,3
94,mgcp,MGCP,2
95,iax,IAX,21
96,tftp,TFTP,3
97,afp,AFP,3
98,stealthnet,StealthNet,11
99,aimini,AIMINI,3
100,sip,SIP,2
101,truphone,Truphone,22
102,ip_icmpv6,ICMPv6,18
103,dhcpv6,DHCPv6,1
104,armagetron,Armagetron,14
105,crossfire,穿越火线,14
106,dofus,DOFUS,14
107,fiesta,Fiesta,14
108,florensia,Florensia,14
109,guildwars,GuildWars,14
110,http_application_activesync,HTTP_APPLICATION_ACTIVESYNC,19
111,kerberos,Kerberos,15
112,ldap,LDAP,1
113,maplestory,MapleStory,14
114,mssql,MsSQL,16
115,pptp,PPTP,15
116,warcraft3,魔兽争霸3,14
117,world_of_kung_fu,World of Kung Fu,14
121,dropbox,Dropbox,3
122,service_gmail,SERVICE_GMAIL,10
123,service_google_maps,SERVICE_GOOGLE_MAPS,10
125,skype,Skype,2
126,google,Google,12
127,dcerpc,DCERPC,17
128,netflow,NetFlow,1
129,sflow,sFlow,1
130,http_connect,HTTP_CONNECT,19
131,http_proxy,HTTP_PROXY,19
132,citrix,Citrix,17
134,service_lastfm,SERVICE_LASTFM,9
135,service_grooveshark,SERVICE_GROOVESHARK,9
136,skyfile_prepaid,SKYFILE_PREPAID,3
137,skyfile_rudics,SKYFILE_RUDICS,3
138,skyfile_postpaid,SKYFILE_POSTPAID,3
139,citrix_online,Citrix_ONLINE,17
140,service_apple,SERVICE_APPLE,1
141,webex,WebEx,2
142,service_whatsapp,SERVICE_WHATSAPP,23
143,service_apple_icloud,SERVICE_APPLE_ICLOUD,3
144,viber,Viber,32
145,service_apple_itunes,SERVICE_APPLE_ITUNES,3
146,radius,RADIUS,1
147,windows_update,windows更新,15
148,teamviewer,TeamViewer,2
149,service_tuenti,SERVICE_TUENTI,4
150,lotus_notes,Lotus Notes协同工作平台,17
151,sap,SAP,1
152,gtp,GTP,21
153,upnp,UPnP,1
154,llmnr,LLMNR,1
155,remote_scan,REMOTE_SCAN,1
156,spotify,Spotify,9
157,content_webm,CONTENT_WEBM,8
158,h323,H323,2
159,openvpn,OpenVPN,17
160,noe,NOE,1
161,ciscovpn,CiscoVPN,17
162,teamspeak,Teamspeak,2
163,tor,TOR,1
164,skinny,Skinny,1
165,rtcp,RTCP,1
166,rsync,RSync,3
167,oracle,Oracle,16
168,corba,CORBA,1
169,ubuntuone,UbuntuOne,3
170,whois_das,WHOIS_DAS,1
171,collectd,Collectd,1
172,socks5,SOCKS5,1
173,socks4,SOCKS4,1
174,rtmp,RTMP,1
175,ftp_data,FTP Data,3
176,service_wikipedia,SERVICE_WIKIPEDIA,4
177,zmq,ZMQ,1
178,service_amazon,SERVICE_AMAZON,4
179,service_ebay,SERVICE_EBAY,4
180,service_cnn,SERVICE_CNN,4
181,megaco,Megaco,1
182,redis,Redis,16
183,pando,Pando,3
184,baidu,百度,12
185,sinaweibo,新浪微博,6
186,teredo,Teredo,1
187,baidubaike,百度百科,5
188,baiduzhidao,百度知道,5
189,baidutieba,百度贴吧,5
190,taobao,淘宝网,4
191,weather,天气网,4
192,baiduwangpan,百度网盘,3
193,baiduyun,百度云,3
194,wowotuan,窝窝团,4
195,ikandongman,爱看动漫网,5
196,qidian_read,起点阅读,5
197,xinlang_read,新浪阅读,5
198,17k_xiaoshuo,17k小说网,5
199,xiaoxiangshuyuan,潇湘书院,5
200,hongxiu,红袖添香,5
201,xiaoshuoyuedu,小说阅读网,5
202,douban_book,豆瓣读书,5
203,jinjiangwenxue,晋江文学城,5
204,china_zongheng,纵横中文网,5
205,tengxun_book,腾讯图书,5
206,tianyi_read,天翼阅读,24
207,aidongman,爱动漫,5
208,yinyuetai,音悦台,9
209,sinatv,新浪视频,8
210,56wang,我乐网,8
211,wangyishipin,网易视频,8
212,fengxing,风行,8
213,baiduplayer,百度影音,8
214,fenghuangshipin,凤凰视频,8
215,qvod,快播,8
216,qiyishipin,奇艺视频,8
217,baidu_video,百度视频,8
218,tudoushipin,土豆视频,8
219,yiliao,翼聊,23
220,qq_mobile,手机QQ,23
221,tengxunshipin,腾讯视频,8
222,ku6,酷六,8
223,leshiwang,乐视网,8
224,qq_weibo,腾讯微博,6
225,souhushipin,搜狐视频,8
226,wap_cmvideo,移动手机电视,27
227,qjwm_pan,千军万马网盘,3
228,youku,优酷,8
229,qqlongchang,QQ农场,14
230,qqmc,QQ牧场,14
231,qqres,QQ餐厅,14
232,raysource,RaySource,3
233,mini_player,迷你电台,14
234,mofakapian,QQ魔法卡片,14
235,motiandalou,QQ摩天大楼,14
236,qq_park,QQ抢车位,14
237,cntv,cntv网络电视,8
238,sogoupinyin,搜狗拼音,19
239,baiduxiaba,百度下吧,3
240,windowsbuding,Windows补丁,15
241,jidongwang,激动网,8
242,liujianfang,六间房,8
243,mangguotv,芒果tv,8
244,pocketdisk,启明网盘,3
245,baomihua,爆米花,8
246,jiangsuweishi,江苏卫视,8
247,feisutudou,飞速土豆,8
248,doubanfm,豆瓣FM,9
249,doubanwang,豆瓣网,4
250,tengxunwang,腾讯网,4
251,xinlangwang,新浪网,4
252,souhuwang,搜狐网,4
253,wangyiwang,网易网,4
254,fenghuangwang,凤凰网,4
255,renminwang,人民网,4
256,xinhuanet,新华网,4
257,zhonghuawang,中华网,4
258,laiwang,来往,2
259,xinlang_finance,新浪财经,13
260,webqq,网页版QQ,2
261,kugou,酷狗,9
262,pplive_http,PPLive_HTTP,8
263,qifan,起凡游戏对战平台,14
264,pps,PPS,8
265,menghuanxiyou,梦幻西游,14
266,csonline,反恐精英Online,14
267,zhensanguowushuang,真三国无双,14
268,mengxiangshijie,梦想世界,14
269,shenmodalu,神魔大陆,14
270,qqyinsu,QQ音速,14
271,jinwutuan,劲舞团,14
272,moyu,魔域,14
273,warface,战争前线,14
274,mengsanguo,梦三国,14
275,doukepingtai,豆客对战平台,14
276,175pingtai,175对战平台,14
277,11duizhan,11对战平台,14
278,yongbingtianxia,佣兵天下,14
279,zhuxian,诛仙,14
280,rr_dajiangjun,人人网_大将军,14
281,rr_tantantang,人人网_弹弹堂,14
282,tp_safe,TP_SAFE,15
283,teng_public,腾讯_PUBLIC,19
284,game_update,游戏更新,14
285,maoxiandao,冒险岛,14
286,paopaotang,泡泡堂,14
287,tankeshijie,坦克世界,14
288,zhandizhiwang,战地之王,14
289,longzhigu,龙之谷,14
290,youmishipin,优米视频,8
291,zol_shipin,ZOL视频,8
292,wasu,华数TV,8
293,smotri,Smotri,8
294,ourgame,联众世界,14
295,kuwo,酷我音乐,9
296,uusee_http,UUSee网络电视,8
297,thunder_http,迅雷_HTTP,11
298,qqmusic_http,QQ音乐_HTTP,9
299,mlbtv,MLBTV,8
300,vsduizhan,VS对战平台,14
301,tianyi_store,天翼空间,24
302,tianyi_tv,天翼视讯,27
303,tianyi_cloud,天翼云,34
304,tianyi_navi,天翼导航,26
305,tianyi_game,爱游戏,30
306,115_cloud,115网盘,3
307,bt,BT,11
308,huawei_cloud,华为网盘,3
309,qq_cloud,QQ微云网盘,3
310,shoujiyiliao,手机医疗,38
311,126mail,126邮箱,10
312,163mail,163邮箱,10
313,189mail,189邮箱,31
314,yingxionglianmeng,英雄联盟,14
315,yahoo_mail,雅虎邮箱,10
316,live_mail,live邮箱,10
317,hotmail,hotmail邮箱,10
318,qqmail,QQ邮箱,10
319,sinamail,新浪邮箱,10
320,diditaxi,嘀嘀打车,26
321,qqdownload,QQ下载,11
322,baofeng,暴风影音,8
323,shareaza,Shareaza,11
324,wangwang,阿里旺旺聊天,2
325,xunzai_disk,迅载网盘,3
326,emule,eMule,11
327,wangyi_popo,网易泡泡,14
328,feixin,飞信,2
329,qqduizhan,QQ对战平台,14
330,wow,魔兽世界,14
331,service_google,SERVICE_GOOGLE,4
332,douzhanshen,斗战神,14
333,baidu_map,百度地图,7
334,bing,Bing,12
335,bingmap,必应地图,7
336,sogou,搜狗,12
337,sougoumap,搜狗地图,7
338,panguso,盘古搜索,12
339,youku_p2p,优酷_P2P,8
340,rtx,腾讯通,2
341,qqmusic,QQ音乐,9
342,pipi,皮皮影视,8
343,yy_im,YY语音,2
344,m1905,1905电影网,8
345,360_download,360下载,11
346,ttplayer,千千静听,9
347,sohu_weibo,搜狐微博,6
348,163_weibo,网易微博,6
349,weico,Weico微博,6
350,hls,HLS,8
351,tianmao,天猫,4
352,dangdang,当当网,4
353,360buy,京东商城,4
354,yixun,易讯,4
355,qq_zones,QQ空间,5
356,renrenwang,人人网,4
357,renren_weibo,人人微博,6
358,mobilemarket,Mobile Market,29
359,sina_disk,新浪微盘,3
360,wandoujia,豌豆荚,29
361,kaixinwang,开心网,4
362,shijijiayuan,世纪佳缘,4
363,51com,51COM,4
364,baihewang,百合网,4
365,pengyouwang,朋友网,4
366,zhenai,珍爱网,4
367,xiechengwang,携程网,4
368,kuxun,酷讯,4
369,58tongcheng,58同城,4
370,qunar,去哪儿,4
371,zhangzhongtianya,掌中天涯,22
372,zhangzhongxinlang,掌中新浪,22
373,zhangshangmaopu,掌上猫扑,22
374,zhangshang_link,掌上链家,22
375,zhongjin_online,中金在线,4
376,lashoutuangou,拉手团购,4
377,meituan,美团,4
378,zhangshang_book,掌上书院,24
379,yilong,艺龙,4
380,soufun,搜房网,4
381,anjuke,安居客,4
382,taipingyangqiche,太平洋汽车网,4
383,ifeng_news,凤凰新闻,4
384,souhu_new,搜狐新闻,4
385,qq_news,腾讯新闻,4
386,163_news,网易新闻,4
387,sina_news,新浪新闻,4
388,paipai,拍拍网,4
389,youdao_disk,有道网盘,3
390,vancl,凡客诚品,4
391,365_house,365地产家居,4
392,taofang,淘房网,4
393,haozu,好租,4
394,yifangwang,亿房网,4
395,babytree,宝宝树,4
396,pcbaby,太平洋亲子网,4
397,10086_read,移动手机阅读,24
398,souhu_muying,搜狐母婴频道,4
399,juhuasuan,聚划算,4
400,tuan800,团800,4
401,jumei,聚美优品,4
402,19lou,19楼,4
403,hao123,好123,4
404,baidu_url,百度网址大全,4
405,tuniu,途牛旅游,4
406,lefeng,乐蜂网,4
407,zhongguancunzaixian,中关村在线,4
408,7daysinn,7天连锁酒店,4
409,gome,国美在线,4
410,nuomi,糯米网,4
411,dazongdianping,大众点评,4
412,12580_life,12580生活,4
413,suning,苏宁易购,4
415,huochepiao,火车票网,4
416,kongzhongyingyu,空中英语,4
417,rayli,瑞丽,4
418,tiexue,铁血网,4
419,chinahr,中华英才网,4
420,51job,前程无忧,4
421,zhilianzhaopin,智联招聘,4
422,job5156,智通人才,4
423,baichengqiuzhibao,百城求职宝,4
424,baidu_search,百度搜索,12
425,duowan,多玩游戏,4
426,pcgames,太平洋游戏网,4
427,xinlang_game,新浪游戏网,4
428,4399_game,4399游戏网,4
429,7k7k_game,7k7k小游戏,4
430,tgbus,电玩巴士,4
431,178_game,178游戏网,4
432,qqgame,QQ游戏,14
433,10086_game,移动手机游戏,30
434,monternet,移动梦网,22
435,12530wap_menhu,12530wap门户,22
436,caixin_put,彩信发送,33
437,caixin_get,彩信接收,33
438,haobaoguanjia,号簿管家,38
439,kuaixun,快讯,24
440,nongxinbaishitong,农信百事通,38
441,tiaomashibie,条码识别,38
442,widget,Widget,19
443,mbbms,MBBMS,27
444,guangdongqinqingtong,广东亲情通,38
445,yijutong,宜居通,38
446,nongxintong,农信通,38
447,shoujishangjie,手机商界,36
448,mlocso,移动手机导航,26
449,ucwangzhanfangwen,UC浏览器官网,22
451,zhangshangyingyeting,移动掌上营业厅,22
452,bitong,必通网络电话,32
453,wap_tongyimenhu,wap统一门户,22
454,shoujibao,手机报,33
455,youxin,有信免费电话,32
456,easou,宜搜,12
457,xs8,言情小说吧,5
458,shuqi,书旗网,5
459,juu,聚游网,4
460,soso,搜搜网,12
461,gionee,金立网,4
462,17c,东方博雅,4
463,jinshan_update,金山网络升级,15
464,cnzz,数据专家,19
465,12306_dingpiao,12306订票网,4
466,xiuxiumeitu,美图秀秀,19
467,zuowenwang,作文网,5
468,yes80,影视搜索,12
469,ttshuo,天天小说网,5
470,51wnl,万年历,19
471,baiduwenku,百度文库,5
473,baidu_hi,百度Hi,2
474,sogou_search,搜狗搜索,12
475,mogujie,蘑菇街,4
476,mmb,妈妈帮,4
477,go_10086,手机冲浪,24
478,m_1688,阿里巴巴,4
480,21cn,21cn手机网,22
481,aqioo,阿启网,4
482,3g_menhu,3G门户,22
483,3g_pp,3G泡泡,22
484,yicha,易查手机搜索,35
485,paojiao,泡椒网,4
486,lexun,乐讯网,4
487,xiaoshuo_100,小说100,5
488,dl_apk,APK下载,34
489,qiniu,七牛云存储,3
490,xywy,寻医问药网,4
491,ovi,诺基亚Ovi,38
492,yisou,神马搜索,35
493,ireader,爱阅读小说,24
494,meilishuo,美丽说,4
495,zhangyue,掌阅书城,24
496,androidesk,安卓壁纸,34
497,xcarimg,爱卡汽车网,4
498,mtime,时光网,4
499,imanhua,爱漫画,5
500,hiapk,安卓网,22
501,lecai,乐彩网,13
502,yougou,优购时尚,4
503,oppo,OPPO,4
504,qgwowo,情感窝窝,5
505,sonystyle,索尼商城,4
506,waduanzi,哇段子网,5
507,wapaoo,至酷书城,5
508,xxt,校讯通,4
510,pconline,太平洋电脑网,4
511,qqshow,QQ秀,4
513,3g_auto,3g汽车门户,22
514,tianxia,天下网,4
515,baoruan,宝软网,29
516,haocw,好彩网,13
517,3gmax,3G娱乐,22
519,danglewang,当乐网,4
521,waptw,天网手机软件,29
522,feeliu,飞流,22
523,imoxiu,魔秀,38
524,vipshop,唯品会,4
525,bitauto,易车网,4
526,punchbox,PunchBox,4
527,bowenwang,博闻网,4
528,3g_net,3G门户网站,22
529,etouch,随身移动,38
531,wo_store,中国联通沃商店,29
532,3gtv,悦TV,27
534,189_ycch,电信E云存储,34
535,market_xiaomi,小米商店,29
536,guagua_app,呱呱视频聊天,2
537,9158_app,9158视频聊天,2
538,tianyi_music,爱音乐,9
539,changba,唱吧,9
540,gtalk,GTalk,2
542,cngames,游戏平台,14
543,zhengtu,征途,14
544,tianlongbabu,天龙八部,14
545,tongcheng_game,同城游戏,14
546,httpdownload,HTTP下载,11
547,tiantang,天堂,14
548,world2,完美世界,14
549,jianxiaqingyuan,剑侠情缘,14
550,xunleikankan,迅雷看看,8
552,aion,网游永恒之塔,14
553,kadingche,卡丁车,14
554,xiaoneitong,校内通,2
555,xinlanguc,新浪UC,22
556,dongfangcaifutong,东方财富通金融终端,13
558,fenghuang_finance,凤凰财经,13
559,ifeng_ent,凤凰娱乐网,4
560,jinrongjie,金融界,13
561,china_jingjiwang,中国经济网,13
562,stockstar,证券之星,13
563,wangyi_finance,网易财经,13
564,souhu_finance,搜狐财经,13
565,591hx,华讯财经,13
566,hexun,和讯网,13
567,qiannao_pan,千脑云盘,3
568,tonghuashun,同花顺,13
569,yahoo_im,雅虎通,2
570,yimengchaopanshou,益盟操盘手,13
571,zhinanzhen,指南针,13
572,sanguosha,三国杀游戏,14
573,zhanguotianxia,战国天下,14
574,shuiguopaidui,水果派对,14
575,renzhewuji,忍者无极,14
576,motianlun,摩天轮,14
577,17173,17173游戏网,4
578,qqtang,QQ堂,14
579,feiqiu,飞秋,2
580,weixin,微信,23
581,momo,陌陌,23
582,dazhihui,大智慧,13
583,fuyijiaoyi,富易交易,13
584,hangqingyan,行情眼,13
585,hexunxinfeihu,和讯新飞狐,13
586,shenyinwanguo,申银万国,13
587,guangfazhengquan,广发证券,13
588,changjiangjiaoyi,长江交易,13
589,qianlong,钱龙股票软件,13
590,hongpan,虹盘,13
591,kaspersky_update,卡巴斯基杀毒,15
592,ares,ARES,14
594,reallink,RealLink,2
595,foxy,Foxy,11
596,131_wanwan,131玩玩,4
597,maze,Maze,2
598,webyy,网页版YY,2
599,youdaocidian,有道词典,19
600,uuwldh,uu手机网络电话,32
601,alitong,阿里通,2
602,feiin,飞音网络电话,32
603,webicq,webICQ,2
604,yahoo,YAHOO,4
605,webebuddy,网页版eBuddy,2
606,hanjiangchuanshi,悍将传世,14
607,longjiang_shengda,龙将_盛大,14
608,rr_shenqu,人人网_神曲,14
609,rr_sanguofengyun2,人人网_三国风云2,14
610,guanjunzuqiujingli,冠军足球经理,14
611,datangxingbiao,大唐行镖,14
612,huangjinguodu,黄金国度,14
613,chuangshijiuzhou,创世九州,14
614,cangkong,苍空,14
615,chuanshiwushuang,传世无双,14
616,shengda,盛大公用,14
617,21cn_mail,21世纪邮箱,10
619,aol_mail,aol邮箱,10
620,hexun_mail,和讯邮箱,10
621,yeah_mail,yeah邮箱,10
622,sohu_mail,搜狐邮箱,10
623,chinaso,中国搜索,12
624,360sousuo,360搜索,12
625,yidonggame,移动游戏大厅,30
626,gaode_map,高德导航,26
627,yidongweibo,移动微博,25
628,yibo,Yibo微博,25
629,panda_dushu,熊猫读书,24
630,migu_music,咪咕音乐,28
631,feiliao,飞聊,23
632,yidongmm,移动应用商店,29
633,appstore,苹果应用商店(AppStore),27
634,android_shichang,安卓市场,29
635,91_zhuli,91助手,29
636,360_shoujizhuli,360手机助手,29
637,gfan,机锋市场,29
638,anzhi,安智市场,29
639,baidu_shoujizhushou,百度手机助手,29
640,tongbutui,同步推,34
641,kailide_map,凯立德导航,26
642,mobilecmb,招商银行,13
643,alipay,支付宝,13
644,tenpay,财付通,13
645,icbc,工商银行,13
646,pinganbank,平安银行,13
647,bankofchina,中国银行,13
648,ccb,建设银行,13
649,abchina,农业银行,13
650,cib,兴业银行,13
651,cebbank,光大银行,13
652,hkbchina,汉口银行,13
653,95559_bank,交通银行,13
654,cmbc,民生银行,13
655,spdb,浦发银行,13
656,umpay,移动手机钱包,36
657,ecitic,中信银行,13
658,psbc,邮政储蓄银行,13
659,95526_bank,北京银行,13
660,cgbchina,广发银行,13
661,hxb,华夏银行,13
662,chinabank,网银在线,13
663,unionpay,银联在线,13
664,cmpay,移动手机支付,36
665,3gwldh,3G手机网络电话,32
666,italk,iTalk,2
667,efenliao,易聊,2
668,qqvoice,QQ语音,2
669,139_mail,139邮箱,31
670,miliao,米聊,2
671,papa,啪啪,2
672,kuaiqian,快钱,13
673,wangxin,旺信,2
674,shoujishipin,手机视频,27
675,google_play,Google Play,29
676,limingzhiguang,黎明之光,14
677,hunshisanguo,混世三国,14
678,sanguoyanyi,三国演义,14
679,daxiaoxiyou,大笑西游,14
680,ouguanzuqiu,欧冠足球,14
681,nishen,逆神,14
682,rexuehaizeiwang,热血海贼王,14
683,shenxiandao_tianyou,神仙道_天游,14
684,tianyou,天游公用,14
685,shengshisanguo,盛世三国,14
686,longjiang_guangyu,龙将_光宇,14
687,shenxiandao_guangyu,神仙道_光宇,14
688,longjiang,龙将,14
689,rr_luanshitianxia,人人网_乱世天下,14
690,rr_nvshenglianmeng,人人网_女神联盟,14
691,shenxiandao,神仙道,14
692,zhanguofengyun,战国风云,14
694,baidu_news,百度新闻,4
695,1mall,1号店,4
696,newegg,新蛋网,4
697,yunnuo_disk,云诺网盘,3
698,coo8,库巴网,4
699,yiting_music,一听音乐,9
700,quanquxiazai,全曲下载,9
701,zhongya_music,中亚网音乐,9
702,qixiu_video,奇秀视频聊天,2
703,ailiao_video,爱聊视频聊天,2
704,doshow_video,DOSHOW视频聊天,2
705,sinauc_video,新浪UC视频聊天,2
706,tiantiandongting,天天动听,9
707,duomi,多米,9
708,kxting,开心听,9
709,qiji_mu,奇迹MU,14
710,jurenmingyunzhilun,巨人命运之轮,14
711,sudu_pan,速度盘,3
712,jianling,剑灵,14
713,qt_voice,QT语音,2
714,google_video,谷歌视频,8
715,google_analytics,谷歌分析网,4
716,360_safe,360安全卫士,15
717,360_killer,360杀毒,15
718,jinshan_safe,金山卫士,15
719,jinshan_kill,金山毒霸,15
720,rising,瑞星,15
722,mcafee_antivirus,MCAFEE_ANTIVIRUS,15
723,avira_antivirus,AVIRA_ANTIVIRUS,15
724,symantec,赛门铁克杀毒,15
725,trendmicro,趋势杀毒,15
726,battlenet,暴雪战网,14
727,google_drive,谷歌驱动,19
728,yixin,易信,32
729,vdisk,微盘,3
730,4shared,4shared,3
732,126disk,126网盘,3
733,360yunpan,360云盘,3
734,depositfiles,Depositfiles网盘,3
735,filefactory,FileFactory网盘,3
737,gigasize,GigaSize网盘,3
738,mediafire,MediaFire,3
739,megashares,Megashares,3
740,quickshare,QuickShare,3
742,rayfile,RayFile网盘,3
743,savefile,SaveFile,3
744,sendspace,SendsPace网盘,3
745,simpleupload,SimpleUpload网盘,3
746,skydrive,SkyDrive网盘,3
747,speedshare,SpeedShare,3
748,transferbigfiles,TransferBigFiles,3
749,uc_disk,UC网盘,3
750,uloz,ULOZ,3
751,ultrashare,ultrashare,3
752,uploading,Uploading,3
753,uploadingit,Uploadingit,3
754,webdisk,Webdisk,3
755,yourfiles,yourFiles,3
756,yunfile,YunFile网盘,3
757,thunder_disk,迅雷快盘,3
758,ctdisk,诚通网盘,3
759,jinshan_pan,金山快盘,3
760,kupan,酷盘,3
761,namipan,纳米盘,3
762,nyhx_pan,鸟语花香网盘,3
763,doptv,DopTV,27
764,zhihu,知乎,5
765,guokr,果壳网,5
766,tianya,天涯社区,5
768,gnucleus,Gnucleus,11
769,cstrike,反恐精英,14
770,xunlei,迅雷,11
771,funshion_p2p,风行_P2P,11
772,tongdaxin,通达信,13
773,dht_dict,DHT_DICT,19
774,caihongdaoonline,彩虹岛Online,14
775,sina_weibo,新浪微博,6
776,ncp,NCP,1
777,nbns,NetBIOS名称服务器,1
778,httpother,其他HTTP应用,19
779,mstsc,Mstsc,1
780,radmin,Radmin,17
781,oray,Oray,17
782,dameware,DameWare,17
783,honghuinsd,宏汇NSD,13
784,fuyuanhangqing,富远行情,13
785,dayouqihuo,大有期货,13
786,guangfajiaoyi,广发交易,13
787,mssql_tds,MsSQL_TDS,16
788,oracle_tns,Oracle_TNS,16
789,postgresql,PostgreSQL,16
790,msn_video,MSN视频,2
791,lava,Lava,9
792,weixin_shipin,微信视频,23
793,qqtransfer,QQ文件传输,3
794,msn_transfer,MSN文件传输,3
795,qqvideo,QQ视频,2
796,yiliao_audio,翼聊语音,23
797,yy_audio,YY语音,2
798,jabber,Jabber,2
799,warcraft,魔兽争霸,14
800,hf_warcraft,浩方魔兽争霸,14
801,dahuaxiyou,大话西游,14
802,m_qqdoudizhu,手机QQ斗地主,30
803,m_shijieol,手机世界OL,30
804,m_qqmajiang,手机QQ麻将,30
805,qqfeiche,QQ飞车,14
806,qqsanguo,QQ三国,14
807,hfwar,浩方魔兽争霸,14
808,hf_redalert,浩方红色警戒,14
809,jietoulanqiu,街头篮球,14
810,qqxianxiazhuan,QQ仙侠传,14
811,dance,DANCE,14
812,huangjindao,黄金岛,14
813,baijindao,白金岛,14
814,gongfushijie,功夫世界,14
815,liangjian,亮剑,14
816,dongxiexidu,东邪西毒,14
817,wending,问鼎,14
818,lieren,猎人,14
819,tianyijue,天翼决,14
820,dnf,地下城与勇士,14
821,shumen,蜀门,14
822,menghuanzhuxian,梦幻诛仙,14
823,qiannvyouhun,倩女幽魂,14
824,guichuideng,鬼吹灯,14
825,jizhan,激战,14
826,wendao,问道,14
827,xunxian,寻仙,14
828,daminglongquan,大明龙权,14
829,tezhongbudui,特种部队,14
830,chuanqiguilai,传奇归来,14
831,shenmowushuang,神魔无双,14
832,rexuejianghu,热血江湖,14
833,jianxiashijie,剑侠世界,14
834,eve,EVE,14
835,xingchenbian,星辰变,14
836,molibaobei,魔力宝贝,14
837,360_public,360_PUBLIC,19
838,hanghaishiji,航海世纪,14
839,chaojiwuzhe,超级舞者,14
840,lushichuanshuo,炉石传说,14
841,xingjizhengba,星际争霸,14
842,thunder_p2p_over_http,迅雷_P2P_HTTP,11
843,vagaa,Vagaa,11
844,youdan,有道,12
845,utorrent,uTorrent,11
846,huntmine,汉魅,3
847,flashget,快车,11
848,msmms,MSMMS,1
849,uutv,UUTV,8
850,tvkoo,TVKoo,8
851,poco,POCO,2
852,ppvod,PP点播,8
853,ppgou,屁屁狗,11
854,tvant,TVants,8
855,tvmysee,TVMYSEE,8
856,banacast,Banacast网络电视,8
857,youpengyingshi,优朋影视,8
858,iku,爱酷,11
859,itudou,爱土豆,11
860,mangguotv_p2p,芒果TV_P2P,8
861,qiyi_p2p,奇异_P2P,8
862,wljdh,网络机顶盒,8
863,feidian,沸点,8
864,shoujishipin_mobile,移动手机视频,27
865,iptv,IPTV,8
866,newp2p,NEWP2P,3
867,wangweidashi,网维大师,18
868,souyu,搜娱,11
869,xunshan,迅闪,18
870,finger,Finger,1
871,net2phone,Net2Phone网络电话,32
872,kc_phone,KC网络电话,32
873,qq_upgrade,QQ升级,2
874,smtp,SMTP,10
875,imap,IMAP,10
876,socks4/5,SOCKS4/5,1
877,socksonline,SocksOnline,8
878,gobby,Gobby,2
879,kademlia,Kademlia,3
880,epson,EPSON,20
881,dtls,DTLS,15
882,mystery,MYSTERY,14
883,linkproof,LinkProof,18
884,checkpoint_rdp,CheckPoint_RDP,17
885,http_tunnel,HTTP-Tunnel,19
886,zabbix,Zabbix,18
887,demonware,Demonware,18
888,yahoo_error,YAHOO_ERROR,20
889,pdbox,PDbox,11
890,blizzard,暴雪娱乐,14
891,xmpp,XMPP,1
892,chatango,Chatango,2
893,mzinga,Mzinga,20
894,notes_rpc,NOTES_RPC,17
895,omegle,Omegle,2
896,trackmania,塞道狂飙,14
897,eye,EYE,1
898,ftpdata,FTP Data,3
899,rbls,RBLs,10
900,flash,FLASH,8
901,mystery_rxxf,MYSTERY_RXXF,14
902,fring,Fring网络电话,32
903,weblogic,WebLogic,18
904,dvrns,DVRNS,8
905,xymon,XYmon,18
906,whatsapp,WhatsApp,23
907,ncsoft,NCSoft,14
908,msnc,MSNC,2
909,kaseya,Kaseya,18
910,runescape,RuneScape,14
911,telnet_exploit,Telnet_Exploit,17
912,mystery_ig,MYSTERY_IG,14
913,zynga,Zynga,14
914,conquer,CONQUER,20
915,trojan_zeroaccess,TROJAN_ZEROACCESS,20
916,mystery_pspr,MYSTERY_PSPR,14
917,goku,Goku,14
918,msnv,MSNV,2
919,munin,Munin,18
920,nntp,NNTP,3
921,mystery_100_star,MYSTERY_100_STAR,14
922,cvs,CVS,1
923,ea_games,EA_Games,14
924,mystery_conn,MYSTERY_CONN,14
925,mp2p,MP2P,11
926,supl,SUPL,1
927,trojan_win32_generic_sb,TROJAN_WIN32_GENERIC_SB,20
928,rejection,REJECTION,1
929,invalid_tcp,INVALID_TCP,1
930,razor,RAZOR,1
931,dxp,DXP,1
932,gamespy,GameSpy,14
933,mitglieder,Mitglieder,20
934,id,ID,1
935,_yahoo_webcam,Yahoo网络摄像头,8
936,cisco_vpn,CiscoVPN,17
937,rfb,RFB,1
938,ica,ICA,18
939,tip,TIP,18
940,jedi,绝地武士,14
941,harveys,Harveys,20
942,clubbox,Clubbox,11
943,kik,Kik,23
944,wechat,网页版微信,2
945,message4u,Message4u,20
946,wuala,Wuala,3
947,bitextend,bitExtend,1
948,cgp,CGP,1
949,ipop,IPOP,18
950,svn,SVN,3
951,cryptic,Cryptic,14
952,palringo,Palringo,2
953,java,JAVA,1
954,rpcscan,RPCScan,17
955,minecraft,Minecraft,3
956,paltalk,PalTalk,2
957,steam_localbroadcast,STEAM_LOCALBROADCAST,1
958,backweb,BackWeb,20
959,msn_cache,MSN_Cache,2
960,diablo2,暗黑破坏神2,14
961,freechal,Freechal视频网,8
962,garena,Garena,14
963,fortinet,Fortinet,15
964,nwn,NWN,18
965,akamai_transfer,Akamai文件传输,3
966,fasp,FASP,1
967,storm_worm,STORM_WORM,20
968,l2tp,L2TP,15
969,ipv6,IPv6,1
970,norton,诺顿,15
971,serialnumberd,SERIALNUMBERD,1
972,real,REAL,1
973,youdao,有道客户端,12
974,psn,PSN,1
975,dht_other,其他DHT,1
976,steamfriends,SteamFriends,14
977,xfire_p2p,Xfire_P2P,14
978,mystery_05,MYSTERY_05,14
979,canon_mfnp,CANON_MFNP,1
980,lansync,LANSync,18
981,mystery_45,MYSTERY_45,14
982,kazaa,KaZaA,11
983,slp,SLP,1
984,unreal,Unreal,1
985,funshion,风行,8
986,msoffice_mac,Microsoft Office for Mac,1
987,raid-ac,RAID-AC,1
988,amanda,Amanda,3
989,vxworks_exploit,VxWorks_Exploit,17
990,sanandreas_mp,SanAndreas_MP,14
991,gnutella2,Gnutella2,3
992,mystery_qq,MYSTERY_QQ,14
993,traceroute,Traceroute,1
994,spamfighter,SPAMfighter,10
995,ipmsg,飞鸽传书,2
996,pyzor,Pyzor垃圾邮件过滤,10
997,winmessage,WinMessage,1
998,xlsp,XLSP,1
999,eso,ESO,1
1000,icp,ICP,1
1001,apple_facetime_init,APPLE_FACETIME_INIT,23
1002,opaserv,Opaserv,20
1003,vivox,VIVOX,1
1004,newerth,Newerth,14
1005,mystery_e9,MYSTERY_E9,14
1006,spotify_bcast,Spotify_Bcast,9
1007,second_life,第二人生,14
1008,mystery_0660,MYSTERY_0660,14
1009,roblox,Roblox,14
1010,sql_worm,SQL_Worm,20
1011,bjnp,BJNP,1
1012,orbit,Orbit,11
1013,thq,THQ,14
1014,sdganda,sd敢达,14
1015,zhujian,铸剑,14
1016,ldap_ad,LDAP_AD,1
1017,gsm,GSM,21
1018,worm_22105,WORM_22105,20
1019,pop3,POP3,10
1020,gkrellm,GKrellM,18
1021,chuanshuooline,传说Online,14
1022,chuanqishijie,传奇世界,14
1023,fifaonline2,FIFAOnline2,14
1024,genericlines,GenericLines,1
1025,dnsstatusrequest,DNSStatusRequest,1
1026,rpccheck,RPCCheck,17
1027,nbtstat,NBTStat,1
1028,snmpv3getrequest,SNMPv3GetRequest,1
1030,ventrilo,Ventrilo,2
1031,murmur,Murmur,2
1032,quake2,雷神之锤2,14
1033,quake3,雷神之锤3,14
1034,vxworks,VxWorks,17
1036,dns-sd,DNS-SD,1
1037,freelancer,自由枪骑兵,14
1039,internetkeyexchange,InternetKeyExchange,1
1040,discard,discard,1
1041,apple_push,apple_push,38
1042,c1222-acse,C1222-ACSE,1
1043,http-proxy,HTTP_PROXY,19
1044,ms-sql-s,MsSQL Server,16
1045,x11,X Window系统,17
1046,win-rpc,Win-RPC,17
1047,vcom-tunnel,vCom-Tunnel,17
1048,ies-lm,IES-LM,1
1049,asnaacceler8db,Asnaacceler8db,16
1050,pds,PDS,1
1051,taurus-wh,TAURUS-WH,1
1052,blackjack,BlackJack,14
1053,hosts2-ns,HOSTS2-NS,1
1054,danf-ak2,DANF-AK2,1
1055,nat-t-ike,NAT-T-IKE,1
1056,afs3-fileserver,AFS3-FileServer,3
1057,ms-lsa,MS-LSA,1
1058,solid-mux,SOLID-MUX,3
1059,boinc,BOINC,18
1060,iad1,IAD1,1
1061,iad2,IAD2,1
1062,iad3,IAD3,1
1063,dab-sti-c,DAB-STI-C,9
1064,afrog,AFrog,1
1065,dcutility,DCUtility,1
1066,ddt,DDT,14
1067,remote-as,Remote-AS,1
1068,neod1,NEOD1,1
1069,wfremotertm,WFRemoteRTM,17
1070,brvread,BRVREAD,1
1071,startron,Startron,20
1072,scanstat-1,ScanSTAT-1,18
1073,activesync-notify,ActiveSync-Notify,1
1074,imyx,IMYX,1
1075,fpitp,FPITP,1
1076,kyoceranetdev,KyoceraNetDev,18
1077,ams,AMS,1
1078,netinfo-local,NetInfo-Local,18
1079,cognex-insight,Cognex-Insight,18
1080,nsstp,NSSTP,1
1081,sde-discovery,SDE-Discovery,1
1082,neod2,NEOD2,1
1083,fiorano-msgsvc,Fiorano-MsgSvc,18
1084,http-udp,HTTP_UDP,19
1085,veritas-ucl,VERITAS-UCL,20
1086,fujitsu-dtc,Fujitsu-DTC,20
1087,netview-aix-1,NetView-AIX-1,18
1088,nimreg,NIMREG,20
1089,sddp,SSDP,1
1090,miroconnect,MiroConnect,1
1091,vchat,VChat,2
1092,ansyslmd,ANSYSLMD,20
1093,vfo,VFO,1
1094,jstel,JSTL,1
1095,td-postman,TD-Postman,19
1096,cardax,Cardax,18
1097,nfsd-keepalive,NFSD-Keepalive,1
1098,mxxrlogin,MXXRLogin,20
1099,rootd,ROOTD,1
1100,fjicl-tep-a,FJICL-TEP-A,1
1101,mtqp,MTQP,1
1102,cadkey-tablet,Cadkey-Tablet,1
1103,de-server,DE-Server,1
1104,ansoft-lm-2,Ansoft-LM-2,1
1105,xrl,XRL,1
1106,pvuniwien,PVUNIWIEN,1
1107,xinuexpansion4,Xinuexpansion4,20
1108,gmrupdateserv,GMRUpdateSERV,20
1109,fpo-fns,FPO-FNS,1
1110,stgxfws,STGXFWS,1
1111,ltp-deepspace,LTP-Deepspace,1
1112,hiq,HIQ,20
1113,iclpv-nls,ICLP-NLS,1
1114,webobjects,WebObjects,19
1115,rdrmshc,RDRMSHC,1
1116,sbl,SBL,1
1117,rmiregistry,RMIRegistry,20
1118,cplscrambler-lg,CPLScrambler-LG,20
1119,cisco-ipsla,Cisco-ipsla,1
1120,unbind-cluster,Unbind-Cluster,1
1121,win-mx,WinMX,11
1122,ppsvideo,PPS网路电视,8
1123,udpcast,UDPCast,1
1124,dis,DIS,1
1125,im,IM1,2
1126,cisco-sccp,CiscoSCCP,1
1127,hydranode,Hydranode,11
1128,im2,IM2,2
1129,amazon_aws_ec2,亚马逊AWS EC2云服务器,3
1130,manmankan,漫漫看,5
1131,shadow,SHADOW,1
1132,weixincall,微信电话,23
1133,navidog,导航犬,26
1134,womusic,中国联通沃音乐,28
1135,ali_public,阿里_PUBLIC,19
1136,anquanguanjia,安全管家,37
1138,qixiongzhengba,七雄争霸,14
1139,netgen,NetGen,18
1141,dm_10086,10086手机动漫,24
1142,pandora,潘多拉电台,9
1143,myspace_video,Myspace视频,8
1144,pcauto,太平洋汽车网,4
1145,wangyi_public,网易_PUBLIC,19
1146,activesync,ActiveSync,19
1147,drivethelife,驱动人生,4
1148,tr_069,TR069,18
1149,autohome,Autohome,4
1150,data_transfer,数据传输,3
1151,u17,u17漫画,5
1152,talkingdate,TalkingData移动大数据平台,4
1153,transmission,Transmission,11
1154,bitcomet,比特彗星,11
1155,bbs_iplay,BBC iPlayer,8
1156,gmx,GMX邮箱,10
1157,fengyunzhibo,风云直播,8
1158,weishi,微视,8
1159,yingyonghui,应用汇,29
1160,xunlei_sjzhushou,迅雷手机助手,29
1161,hcdj,DJ音乐厅,9
1162,farmville,FarmVille,4
1164,outlook_web_access,Outlook Web Access,10
1165,nizhan,逆战,14
1166,gongchengluede,攻城掠地,14
1167,smgbb,SMGBB上海网络电视台,8
1168,menghuanyingxiong,梦幻英雄,14
1169,tianzhubian,天珠变,14
1170,shenmo,神魔,14
1171,shenjiangshijie,神将世界,14
1172,aojian2,傲剑2,14
1173,chuanqi,传奇,14
1174,qqapp,腾讯应用中心,29
1175,wo_mail,沃邮箱,31
1176,slingbox,Slingbox网络电视,8
1178,buluoshouweizhan,部落守卫战,14
1179,7060w,7060手机电影,27
1180,orange,Orange,4
1181,umeng,umeng服务器,3
1182,a67,A67手机电影网,27
1183,bianfeng,边锋网络游戏,14
1184,jiejisanguo,街机三国,14
1185,aim,AIM,2
1186,qqreader,QQ阅读,5
1187,80s,80s电影网,27
1188,dota2,DOTA2,14
1189,microsoft_public,微软_PUBLIC,19
1190,9ku,九酷音乐,9
1191,qq_unipay,QQUnipay,36
1192,baidu_public,百度_PUBLIC,19
1193,jiamitongxunlu,加密通讯录,38
1194,9sky_music,九天音乐网,9
1195,aojian,傲剑,14
1196,mail.ru,Mail.Ru邮箱,10
1197,rediffmail,Rediffmail邮箱,10
1198,narutom,火影忍者中文网,5
1199,vuze,Vuze,11
1200,wordpress,WordPress,4
1201,google_public,谷歌_PUBLIC,19
1202,djbox,DJ音乐盒,9
1203,66call,66Call网络电话,32
1204,amazon_s3,Amazon S3,3
1205,mt,MT,14
1206,sina_public,新浪_PUBLIC,19
1207,yahoo_video,雅虎视频,8
1208,hicloud,华为云服务,3
1209,qq_map,QQ地图,7
1210,google_ad,谷歌广告,19
1211,sogou_music,搜狗音乐,9
1213,tnt,TNT,14
1214,limewire,LimeWire,11
1215,tafangsanguozhi,塔防三国志,14
1216,flickr,Flickr在线相册,4
1217,yytingting,懒人听书,9
1218,yingyongbao,应用宝,29
1219,yidongshouji_door,移动手机门户,22
1220,sina_music,新浪音乐,9
1221,meilefm,美乐FM,9
1222,tenx_public,腾讯_PUBLIC,19
1223,bbs_iplay_radio,BBC iPlayer收音机,9
1224,niconico,NICONICO动画,8
1225,go2map,搜狗地图,7
1226,weathercn,天气预报,4
1227,kg_daren,K歌达人,9
1228,jizhan2,激战2,14
1229,fj_10086,中国移动积分商城,4
1230,xiami,虾米音乐,9
1231,reddit,Reddit,4
1232,okazii,Okazii.ro,4
1233,microsoft_update,微软更新,15
1234,kanpianshenqi,看片神器,8
1235,rexec,REXEC,1
1236,imaps,IMAPS,10
1238,hdfs,HDFS,3
1240,informix,Informix,16
1241,webdav,WebDAV,3
1242,kakao,Kakao,23
1245,sybase_tds,Sybase_TDS,16
1247,mms,MMS,8
1248,baiduapp,百度App,29
1249,rlogin,Rlogin,1
1250,diameter,Diameter,1
1251,iitalk,iiTalk,2
1252,weixin_voicetalk,微信语音,23
1253,facetime,FaceTime,23
1254,portmap,PortMap,1
1256,rusers,Rusers,1
1257,pop3s,POP3S,10
1258,iv_aufst,IV_AUFST,20
1261,weixin_getpicture,微信获取图片,23
1265,fix,FIX,18
1266,alitong&iitalk,alitong&iitalk网络电话,2
1268,phone_game,手机游戏,30
1269,weixin_transpicture,微信传照片,23
1271,im_renren,人人桌面,2
1275,quote_of_the_day,Quote of the Day,20
1276,echo,echo,1
1277,https,HTTPS,15
1278,li_handover,LI_Handover,38
1280,tango,探戈,2
1281,rsh,RSH,1
1285,smpp,SMPP,21
1286,smb2,SMB2,1
1287,qq_chinchess,QQ象棋,14
1288,h.248,H.248,1
1293,shenqu,神曲,14
1296,owamp,OWAMP,1
1297,p2p_test,P2P测试,1
1298,yuanhanggame,远航游戏,14
1300,weixin_talkback,微信对讲机,23
1302,tnt-dandaoguiji,TNT弹道轨迹,14
1303,tantantang,弹弹堂,14
1304,db2,DB2,16
1306,weixin_getvideo,微信获取视频,23
1307,jinshan_public,金山_PUBLIC,19
1308,ldp,LDP,1
1310,modbus,ModBus,1
1311,pcp,PCP,1
1312,gopher,Gopher,12
1313,sccp,SCCP,1
1315,weixin_friendscircle,微信朋友圈,23
1320,ident,ident,1
1321,mount,mount,1
1323,blackberry_email,黑莓_email,31
1324,rip,RIP,1
1326,whois,whois,1
1327,h.245,H.245,1
1331,chargen,Chargen,1
1333,ipmi,IPMI,1
1334,winny,winny,11
1335,shengui,神鬼,14
1336,daytime,daytime,1
1337,wap_security,WAP安全,37
1338,smtps,SMTPS,10
1339,iec104,IEC104,1
1341,gadu_gadu,Gadu-Gadu,2
1342,vmware_vmotion,VMware_VMotion,17
1343,h.225,H.225,1
1344,weixin_texttalk,微信文字聊天,23
1346,wap,WAP,24
1347,ipfix,IPFIX,1
1348,line,Line网络电话,32
1349,iscsi,iSCSI,1
1352,time,TIME,1
1353,googlemap,谷歌地图,7
1354,ftp,FTP,3
1355,nasdaq-trading,纳斯达克交易,13
1357,weixin_transvideo,微信传输视频,23
1358,bilin,比邻,23
1359,cc_video,CC视频,8
1360,baidu_music,百度音乐,9
1361,harbin_bank,哈尔滨银行,13
1362,harbin_mobile_bank,哈尔滨手机银行,36
1363,mobile_other,其他移动互联网应用,38
